seed,tp,fp_near_miss,fp_background,fn,tp_iou_mean,fn_small,fn_medium,fn_large
0,3,0,7,2,0.6323826741435671,0,2,0
1,5,0,7,0,0.714047113915206,0,0,0
2,5,0,8,0,0.6493076402222282,0,0,0
3,5,1,8,0,0.8244036849050183,0,0,0
4,4,0,10,1,0.6836887852705043,0,1,0
5,5,1,13,0,0.6274048905064518,0,0,0
6,4,1,7,1,0.6581269052599215,1,0,0
7,4,0,6,1,0.6914369097723738,1,0,0
8,5,2,3,0,0.6616957067696168,0,0,0
9,4,1,5,1,0.5264775609924718,1,0,0
